{
   "rules": [
       {
           "rulePriority": 1,
           "description": "remove untagged images",
           "selection": {
               "tagStatus": "untagged",
               "countType": "sinceImagePushed",
               "countUnit": "days",
               "countNumber": 1
           },
           "action": {
               "type": "expire"
           }
       },
       {
        "rulePriority": 2,
        "description": "Keep v tag images for 180 days",
        "selection": {
            "tagStatus": "tagged",
            "tagPatternList": ["v*"],
            "countType": "sinceImagePushed",
            "countUnit": "days",
            "countNumber": 180
        },
        "action": {
            "type": "expire"
        }
    },
    {
        "rulePriority": 3,
        "description": "remove untagged images after 15 days",
        "selection": {
            "tagStatus": "any",
            "countType": "sinceImagePushed",
            "countUnit": "days",
            "countNumber": 15
        },
        "action": {
            "type": "expire"
        }
    }

   ]
}
