{
  "Version" : "2008-10-17",
  "Statement" : [
      {
          "Sid" : "AllowPull",
          "Effect" : "Allow",
          "Principal" : {
              "AWS": "{{ .Values.target.policy.ecrPrincipalArn }}"
          },
          "Action" : [
            "ecr:BatchGetImage",
            "ecr:BatchCheckLayerAvailability",
            "ecr:CompleteLayerUpload",
            "ecr:GetDownloadUrlForLayer",
            "ecr:InitiateLayerUpload",
            "ecr:PutImage",
            "ecr:UploadLayerPart"
          ]
      }
  ]
}